code;name;descr
JPMC;JP Morgan;JP Morgan
MS;Morgan Stanley;Morgan Stanley
GS;Goldman Sachs;Goldman Sachs
C;Citi;Citi
BAC;Bank of America;Bank of America	
BNP;BNP Paribas;BNP Paribas	
DBK;Deutsche Bank;Deutsche Bank
HSBC;HSBC;HSBC
BBVA;Banco Bilbao Vizcaya Argentaria;Banco Bilbao Vizcaya Argentaria
BCS;Barclays;Barclays
SAN;Banco Santander;Banco Santander
UBSG;UBS Group;UBS Group
ING;ING Bank;ING Bank
SCB;Standard Chartered;Standard Chartered
DBS;DBS;DBS